first_name,middle_name,last_name,dob,email,age,address
Pammi,Renell,Ticic,1979-08-02,rticic3@php.net,43.0," 78266 Lien Road,  PO Box 68671,Reading, PA, 19610"
Conn,Tybalt,Sprasen,1966-04-14,tsprasen4@dagondesign.com,56.0," 4392 Duke Place,  Suite 79,Spokane, WA, 99215"
Ariana,Mair,Comiam,1970-11-16,mcomiamn@diigo.com,52.0," 7 Hoard Circle,  PO Box 34663,Atlanta, GA, 31119"
Tammie,Davie,Foucar,1970-11-24,dfoucar1b@spotify.com,52.0," 5864 Artisan Road,  7th Floor,Saint Augustine, FL, 32092"
Ambros,Victoria,Whitesel,1968-01-18,vwhitesel1c@joomla.org,55.0," 62332 Kropf Avenue,  Apt 1299,Saint Louis, MO, 63126"
Travers,Myra,Reckhouse,1975-09-02,mreckhouse1p@dion.ne.jp,47.0," 53 Meadow Valley Alley,  PO Box 18012,San Diego, CA, 92196"
Dorri,Norene,Gerant,1967-10-01,ngerant1r@bloomberg.com,55.0," 9 Fieldstone Street,  Apt 1604,Sioux Falls, SD, 57198"
Franchot,Kerk,Oldis,1965-08-08,koldis20@aboutads.info,57.0," 1 Summer Ridge Circle,  Room 1749,Conroe, TX, 77305"
Alexandr,Rogers,Izhaky,1980-08-20,rizhaky21@ifeng.com,42.0," 120 Mandrake Pass,  PO Box 66100,Stockton, CA, 95298"
Torrie,Hyacinthia,Sandifer,1977-04-21,hsandifer27@princeton.edu,45.0," 638 Crescent Oaks Park,  Room 1274,Brooksville, FL, 34605"
Rae,Bastian,Crossgrove,1977-10-14,bcrossgrove28@icio.us,45.0," 1 Kropf Center,  Apt 1629,Fresno, CA, 93740"
Allayne,Randie,Czajkowska,1979-06-26,rczajkowska2q@comsenz.com,43.0," 0080 Shopko Drive,  Room 1271,Virginia Beach, VA, 23454"
Perkin,Shirl,Terrelly,1967-12-20,sterrelly2r@ucoz.com,55.0," 2 Becker Circle,  Apt 90,Houston, TX, 77228"
Cecily,Coretta,Voller,1982-04-09,cvoller2w@howstuffworks.com,40.0," 2754 Dawn Trail,  16th Floor,Cincinnati, OH, 45238"
Harp,Ferdy,Peeke,1977-10-21,fpeeke2x@mysql.com,45.0," 730 Summer Ridge Road,  Room 585,Houston, TX, 77055"
Hedvig,Ronda,Troyes,1964-11-03,rtroyes34@nationalgeographic.com,58.0," 5 Ridge Oak Lane,  20th Floor,Boston, MA, 02298"
Cherin,Priscilla,Penk,1972-03-02,ppenk35@guardian.co.uk,51.0," 6 Pine View Center,  Apt 19,Phoenix, AZ, 85053"
Gilli,Stefano,Rayworth,1983-01-14,srayworth3i@biglobe.ne.jp,40.0," 9021 Grim Trail,  PO Box 47285,Denver, CO, 80299"
Avrit,Dorothee,Gagan,1977-05-14,dgagan42@dedecms.com,45.0," 166 Granby Park,  Suite 94,Tucson, AZ, 85748"
Derk,Sigismundo,Palfery,1963-07-14,spalfery46@timesonline.co.uk,59.0," 73839 Farwell Circle,  PO Box 27688,El Paso, TX, 79989"
Lissy,Ardra,Leving,1977-09-29,aleving48@mail.ru,45.0," 18 Tennyson Circle,  19th Floor,Salt Lake City, UT, 84105"
Dino,Klemens,Sides,1967-05-01,ksides4e@qq.com,55.0," 036 Arapahoe Court,  Room 113,Lake Charles, LA, 70607"
Pat,Lorraine,Burnitt,1974-09-12,lburnitt4h@domainmarket.com,48.0," 7 Messerschmidt Terrace,  Suite 48,White Plains, NY, 10606"
Shantee,Blondy,Northgraves,1965-04-13,bnorthgraves4r@omniture.com,57.0," 607 Amoth Terrace,  20th Floor,New Orleans, LA, 70129"
Margi,Kassia,Brunker,1966-10-07,kbrunker4s@wordpress.com,56.0," 864 Onsgard Trail,  Apt 1478,Washington, DC, 20557"
Feliks,Wat,Rivelon,1964-01-18,wrivelon4u@adobe.com,59.0," 712 David Pass,  Suite 98,Evansville, IN, 47732"
Chaunce,Ingra,Kimbrey,1971-09-01,ikimbrey4x@ibm.com,51.0," 56905 Almo Crossing,  Room 967,Montgomery, AL, 36134"
Calv,Andree,Samsworth,1982-11-18,asamsworth54@europa.eu,40.0," 63989 Mosinee Avenue,  Suite 31,Johnson City, TN, 37605"
Shoshanna,Carolynn,Garlett,1977-05-31,cgarlett62@irs.gov,45.0," 45 Bayside Parkway,  Room 162,Henderson, NV, 89074"
Haley,Padgett,Hamsher,1965-07-07,phamsher65@ameblo.jp,57.0," 9255 Glendale Point,  20th Floor,Hot Springs National Park, AR, 71914"
Marlo,Maximilien,Smellie,1965-10-18,msmellie6b@ca.gov,57.0," 26114 Crownhardt Point,  PO Box 90730,Baltimore, MD, 21275"
Ker,Ahmad,Hancke,1978-10-03,ahancke6g@themeforest.net,44.0," 30 Bowman Junction,  Suite 13,Toledo, OH, 43635"
Pennie,Enos,Zorzini,1966-03-06,ezorzini6o@eventbrite.com,57.0," 03393 Lyons Hill,  Apt 55,Brooklyn, NY, 11210"
Aubry,Dolli,McEvon,1982-02-27,dmcevon7b@fotki.com,41.0," 9 Lighthouse Bay Road,  Suite 29,Reno, NV, 89595"
Ursula,Raoul,Plunket,1968-01-15,rplunket7s@bandcamp.com,55.0," 6188 2nd Alley,  Apt 1983,Roanoke, VA, 24040"
Nadiya,Inger,Ludee,1978-08-15,iludee80@tuttocitta.it,44.0," 7 Schmedeman Trail,  4th Floor,Jackson, TN, 38308"
Almeria,Maybelle,Dunnaway,1973-02-06,mdunnaway85@w3.org,50.0," 0 Pine View Circle,  Apt 1782,Odessa, TX, 79769"
Tresa,Elena,Spitaro,1969-01-24,espitaro87@eventbrite.com,54.0," 4 Heath Junction,  PO Box 91280,Waltham, MA, 02453"
Ellswerth,Christalle,Christoffels,1964-11-05,cchristoffels8a@mapy.cz,58.0," 6449 Harper Crossing,  Suite 32,Decatur, GA, 30033"
Dulcie,Jessi,Recke,1963-04-15,jrecke8l@bigcartel.com,59.0," 40 Hoard Drive,  20th Floor,Pittsburgh, PA, 15274"
Dugald,Abran,Petry,1962-07-19,apetry8v@163.com,60.0," 774 Shelley Center,  Apt 1588,South Lake Tahoe, CA, 96154"
Lem,Shayla,Murie,1969-07-03,smurie8y@dagondesign.com,53.0," 7901 Sunbrook Park,  PO Box 54239,New York City, NY, 10079"
Roselin,Keriann,Durrad,1978-12-06,kdurrad91@bing.com,44.0," 8 Bluestem Terrace,  PO Box 41643,Fort Lauderdale, FL, 33320"
Steward,Larisa,Pentland,1975-08-13,lpentland9p@ucsd.edu,47.0," 7 Continental Alley,  Apt 1866,Muncie, IN, 47306"
Siobhan,George,Peaurt,1978-05-29,gpeaurt9q@live.com,44.0," 1 Clarendon Terrace,  Apt 1080,New Brunswick, NJ, 08922"
Dulcie,Daphene,Saura,1978-01-21,dsaura9y@sciencedaily.com,45.0," 1998 Cody Hill,  Suite 87,Denver, CO, 80270"
Myca,Claretta,Menendes,1963-07-12,cmenendesa4@livejournal.com,59.0," 71 Porter Avenue,  PO Box 91829,New Orleans, LA, 70183"
Mace,Laurianne,Siburn,1974-02-25,lsiburna9@facebook.com,49.0," 0 Sherman Circle,  6th Floor,Kansas City, MO, 64187"
Binni,Sonia,Gatrell,1971-06-22,sgatrellaj@hc360.com,51.0," 79 Dwight Point,  10th Floor,Sacramento, CA, 95838"
James,Clare,Dibley,1973-04-15,cdibleyas@privacy.gov.au,49.0," 83040 Becker Pass,  PO Box 1772,Orlando, FL, 32854"
Lindsay,Terri,Rowthorn,1965-10-16,trowthornat@hatena.ne.jp,57.0," 3197 Quincy Court,  PO Box 91239,Oklahoma City, OK, 73179"
Lela,Duky,Burgisi,1981-03-14,dburgisib6@cargocollective.com,42.0," 931 Lukken Crossing,  9th Floor,Chicago, IL, 60663"
Freedman,Ricki,Pendrid,1981-06-17,rpendridbi@jigsy.com,41.0," 2707 Schurz Drive,  Apt 1552,Houston, TX, 77240"
Humberto,Brear,Danilowicz,1966-03-01,bdanilowiczbt@discuz.net,57.0," 02809 Farragut Parkway,  5th Floor,Durham, NC, 27705"
Lucine,North,Keson,1968-01-16,nkesonc7@weebly.com,55.0," 740 Cottonwood Crossing,  Room 1860,Fort Smith, AR, 72916"
Celestyn,Harp,Casini,1965-10-07,hcasinicd@wired.com,57.0," 78771 Gina Drive,  PO Box 39545,Cumming, GA, 30130"
Lorine,Sal,Gutridge,1975-10-13,sgutridgecm@free.fr,47.0," 53 Darwin Street,  Room 710,Cincinnati, OH, 45271"
Mylo,Bear,Vahey,1973-09-04,bvaheycn@tmall.com,49.0," 3 Coleman Place,  PO Box 3832,Oklahoma City, OK, 73109"
Mara,Gus,Monday,1967-03-11,gmondayco@nydailynews.com,56.0," 3 Merry Drive,  Apt 877,Detroit, MI, 48224"
Bellina,Kirbee,Raubenheimer,1979-01-16,kraubenheimercv@de.vu,44.0," 8 Buena Vista Hill,  Room 1788,Charleston, WV, 25331"
Ashlie,Arnuad,Jedrzejewski,1981-06-01,ajedrzejewskicy@state.gov,41.0," 94 Walton Way,  Suite 88,Pittsburgh, PA, 15215"
Verne,Godard,Greenwell,1976-09-14,ggreenwelldg@ucoz.ru,46.0," 11 Butterfield Court,  PO Box 40565,Virginia Beach, VA, 23459"
Jase,Fernando,O'Dowd,1969-04-29,fodowde3@smugmug.com,53.0," 4 Pearson Way,  PO Box 72746,El Paso, TX, 79977"
Aurea,Ogdon,Sharland,1980-09-29,osharlandea@ca.gov,42.0," 0968 Spaight Point,  Apt 388,Kansas City, MO, 64125"
Randolph,Belva,Sandys,1978-05-09,bsandysei@1688.com,44.0," 264 Oneill Point,  Suite 92,Shawnee Mission, KS, 66276"
Jameson,Kirby,Itzkovitch,1981-03-29,kitzkovitcheu@mtv.com,41.0," 070 Swallow Junction,  Room 284,Akron, OH, 44321"
Garner,Sherlock,Margetson,1966-07-03,smargetsonf1@squidoo.com,56.0," 9 Esker Street,  Room 1207,San Antonio, TX, 78296"
Margo,Giacopo,Christopherson,1975-10-05,gchristophersonf2@boston.com,47.0," 641 Blaine Hill,  12th Floor,Washington, DC, 20425"
Renaud,Danny,Urquhart,1969-03-25,durquhartf3@craigslist.org,53.0," 69155 Dakota Terrace,  Apt 61,Amarillo, TX, 79182"
Marrilee,Kerwinn,Scotchmoor,1972-03-14,kscotchmoorf5@istockphoto.com,51.0," 03 Wayridge Way,  Suite 66,Detroit, MI, 48224"
Lanie,Melinde,Jedrzej,1971-03-20,mjedrzejf6@shareasale.com,52.0," 67 Sullivan Lane,  Room 884,Washington, DC, 20557"
Sacha,Adolpho,Vanichkin,1970-03-06,avanichkinfa@archive.org,53.0," 1737 Pleasure Place,  2nd Floor,Phoenix, AZ, 85067"
Rozalie,Sibel,Nehls,1964-06-29,snehlsfc@amazon.com,58.0," 6 Norway Maple Lane,  8th Floor,Reno, NV, 89595"
Modestine,Kaela,Cumbridge,1972-02-01,kcumbridgefe@wunderground.com,51.0," 74 1st Drive,  Apt 1617,Boston, MA, 02124"
Roth,Katherine,Cleife,1971-05-24,kcleifefi@google.com.br,51.0," 309 Sachs Court,  20th Floor,Winston Salem, NC, 27116"
Rafa,Guthrey,Solloway,1963-05-31,gsollowayfn@webmd.com,59.0," 93302 Anhalt Point,  Room 209,Missoula, MT, 59806"
Mellie,Mercy,Lindores,1962-10-30,mlindoresfr@kickstarter.com,60.0," 471 Ruskin Lane,  PO Box 82931,Riverside, CA, 92505"
Ezri,Weber,Bremmell,1974-02-02,wbremmellfv@weather.com,49.0," 93 Hoepker Alley,  PO Box 818,Indianapolis, IN, 46295"
Jeanelle,Deloria,Pech,1980-08-22,dpechga@answers.com,42.0," 9134 Southridge Junction,  Suite 2,Austin, TX, 78778"
Raynell,Jesse,Lafee,1962-12-21,jlafeego@epa.gov,60.0," 476 Mendota Point,  Apt 1075,El Paso, TX, 88574"
Evelina,Noelyn,Sarginson,1978-04-15,nsarginsongx@nba.com,44.0," 018 Everett Avenue,  Room 840,Des Moines, IA, 50305"
Hal,Laina,Crum,1969-06-21,lcrumh1@epa.gov,53.0," 4 Anhalt Plaza,  16th Floor,Huntington, WV, 25775"
Kathryne,Vivianne,Gaunson,1982-09-07,vgaunsonhb@vinaora.com,40.0," 2 Gale Way,  Apt 447,Suffolk, VA, 23436"
Joelynn,Winne,Torald,1965-04-06,wtoraldht@phoca.cz,57.0," 62154 Merchant Lane,  Suite 31,Newton, MA, 02458"
Brina,Arliene,Mendes,1977-06-16,amendesik@gnu.org,45.0," 68 Shopko Street,  19th Floor,Fairbanks, AK, 99709"
Roda,Leland,Paull,1978-09-15,lpaullin@cornell.edu,44.0," 79092 Quincy Plaza,  Room 266,Minneapolis, MN, 55480"
Phedra,Natalee,Dominiak,1965-07-14,ndominiakj2@wikipedia.org,57.0," 3 Hollow Ridge Alley,  Apt 1606,Phoenix, AZ, 85030"
Gray,Radcliffe,Tresler,1969-12-26,rtreslerj3@reddit.com,53.0," 73774 Schlimgen Plaza,  Suite 36,Miami, FL, 33142"
Lexis,Gar,Dumingos,1973-07-05,gdumingosjt@51.la,49.0," 8 Eagle Crest Drive,  Room 1300,Tampa, FL, 33633"
Ronny,Jany,Tamplin,1982-01-03,jtamplink7@parallels.com,41.0," 49566 Mitchell Trail,  Suite 97,Saint Petersburg, FL, 33742"
Alejandra,Tracee,Ashwood,1981-10-14,tashwoodk9@example.com,41.0," 67712 Clove Trail,  Suite 59,Columbus, OH, 43284"
Ellery,Robinia,Edlyn,1980-01-14,redlynka@netscape.com,43.0," 2 Portage Lane,  11th Floor,Saint Paul, MN, 55172"
Darla,Griswold,Mellhuish,1966-02-20,gmellhuishkf@uiuc.edu,57.0," 9145 Carey Alley,  1st Floor,Carlsbad, CA, 92013"
Alf,Ella,Pawlyn,1978-08-26,epawlynkr@is.gd,44.0," 11 Forest Dale Circle,  Apt 1217,Monticello, MN, 55585"
Sasha,Alexio,Coopey,1971-07-31,acoopeykw@abc.net.au,51.0," 85 Bunting Trail,  Apt 1674,Arlington, TX, 76004"
Claire,Bram,Syde,1964-03-07,bsydel3@nifty.com,59.0," 39 Crescent Oaks Lane,  Suite 96,Kansas City, KS, 66105"
Alexei,Gerianna,Ren,1968-08-19,grenl5@icio.us,54.0," 635 Rusk Junction,  PO Box 3053,Sacramento, CA, 94291"
Husain,Herby,Gasnoll,1979-03-15,hgasnolll7@shinystat.com,44.0," 67994 Southridge Plaza,  Apt 1709,Saint Petersburg, FL, 33731"
Karol,Gertrude,Stitson,1968-11-01,gstitsonl9@springer.com,54.0," 201 Jay Hill,  Room 1827,San Jose, CA, 95173"
Nick,Chloette,Cashmore,1965-08-06,ccashmoreln@java.com,57.0," 03494 Jana Road,  Suite 79,Paterson, NJ, 07544"
Millie,Odilia,Filde,1972-03-13,ofildely@phoca.cz,51.0," 3705 Dakota Place,  Room 1402,Peoria, IL, 61656"
Yolanthe,Huntlee,Skirving,1972-05-18,hskirvingm1@ebay.co.uk,50.0," 50740 Del Mar Point,  Suite 18,Harrisburg, PA, 17126"
Connor,Debor,Edgerton,1976-02-01,dedgertonmb@princeton.edu,47.0," 435 Hansons Trail,  Suite 62,Spokane, WA, 99215"
Gerladina,Shermy,Lorimer,1962-10-18,slorimermi@goodreads.com,60.0," 6 Stoughton Lane,  1st Floor,Youngstown, OH, 44505"
Emlyn,Timmi,Dauby,1967-06-02,tdaubymm@yahoo.co.jp,55.0," 56 Waywood Point,  Apt 1242,Madison, WI, 53779"
Petronella,Zsa zsa,Mapledoore,1980-05-31,zmapledooren0@scribd.com,42.0," 7 Garrison Junction,  Suite 1,Louisville, KY, 40298"
Atlanta,Isobel,Zimmer,1974-06-25,izimmern1@scribd.com,48.0," 0293 Everett Lane,  Apt 1204,Warren, OH, 44485"
Hewitt,Quentin,Dackombe,1978-09-26,qdackomben3@g.co,44.0," 5 Dapin Point,  8th Floor,Fresno, CA, 93726"
Ronda,Derward,Pendry,1973-01-11,dpendryn7@tiny.cc,50.0," 2812 Hovde Way,  19th Floor,Fort Wayne, IN, 46857"
Kaye,Robin,Laroze,1976-04-11,rlarozene@techcrunch.com,46.0," 1760 Westridge Place,  Room 382,Amarillo, TX, 79171"
Marcus,Obie,Sheehan,1963-12-31,osheehannf@wufoo.com,59.0," 0648 Vermont Circle,  Apt 1566,Torrance, CA, 90510"
Gwenora,Elke,Handrek,1966-09-24,ehandreknr@stumbleupon.com,56.0," 9287 Milwaukee Avenue,  Apt 1578,San Diego, CA, 92165"
Lily,Benita,Carus,1970-03-22,bcaruso0@bloglines.com,52.0," 3368 Redwing Drive,  Apt 1796,Athens, GA, 30605"
Lu,Wainwright,Swale,1979-02-12,wswaleo4@slashdot.org,44.0," 40557 Bellgrove Crossing,  Room 1082,Brockton, MA, 02305"
Esra,Nananne,Tilt,1963-04-28,ntilto5@yale.edu,59.0," 7 Portage Plaza,  Room 1301,Syracuse, NY, 13210"
Clayborn,Claribel,Van Halen,1965-07-25,cvanhalenof@google.ca,57.0," 1 Carioca Circle,  Room 504,New York City, NY, 10175"
Jamison,Marin,Morant,1968-10-19,mmorantog@tripod.com,54.0," 4 Alpine Place,  8th Floor,Flushing, NY, 11388"
Daren,Padriac,Letixier,1974-01-31,pletixieroh@wufoo.com,49.0," 6760 Oxford Point,  Suite 42,Shreveport, LA, 71151"
Aleta,Marietta,Downton,1981-11-14,mdowntonoj@chron.com,41.0," 752 Dorton Plaza,  PO Box 73944,Fort Myers, FL, 33906"
Leroy,Nissa,Fransoni,1972-08-27,nfransonioy@miibeian.gov.cn,50.0," 5 Schlimgen Point,  PO Box 37450,Albany, NY, 12242"
Clio,Martie,Hatrick,1970-07-15,mhatrickp7@un.org,52.0," 09924 Calypso Trail,  Room 1512,Stamford, CT, 06912"
Marci,Theressa,Kasparski,1979-09-13,tkasparskipd@google.nl,43.0," 8105 Manufacturers Way,  PO Box 77529,Pensacola, FL, 32505"
Arch,Prince,Eastbury,1978-10-25,peastburypi@networkadvertising.org,44.0," 084 Spaight Pass,  Room 1623,Shreveport, LA, 71151"
Saul,Tracy,Brimley,1967-04-05,tbrimleypl@who.int,55.0," 65801 Novick Junction,  7th Floor,Houston, TX, 77293"
Noel,Leona,Eyden,1976-10-16,leydenpt@weibo.com,46.0," 9600 Mandrake Court,  Apt 792,Hartford, CT, 06152"
Jess,Barbabra,Haggar,1967-06-19,bhaggarpv@sakura.ne.jp,55.0," 58 Loomis Pass,  Room 775,Columbia, SC, 29225"
Rock,Minette,Spadotto,1981-05-26,mspadottopx@amazon.co.uk,41.0," 8453 Service Avenue,  Room 922,Lexington, KY, 40510"
Michele,Yasmin,Gerardin,1963-05-24,ygerardinq0@macromedia.com,59.0," 53967 Bowman Trail,  PO Box 13551,Petaluma, CA, 94975"
Ajay,Shelagh,While,1978-08-17,swhileq5@goo.ne.jp,44.0," 8263 Anniversary Court,  Apt 1558,Sarasota, FL, 34276"
Florrie,John,Traice,1963-04-10,jtraiceq6@hugedomains.com,59.0," 4521 Norway Maple Hill,  8th Floor,Madison, WI, 53710"
Reggi,Fernanda,Duce,1982-03-03,fduceq8@nature.com,41.0," 9 Myrtle Hill,  PO Box 14323,Fort Worth, TX, 76121"
Jakob,Jozef,Mair,1975-12-06,jmairqk@cbsnews.com,47.0," 68699 Schurz Circle,  Room 1904,Worcester, MA, 01654"
Loreen,Kev,Haxby,1963-01-16,khaxbyqq@ted.com,60.0," 22135 Buhler Drive,  PO Box 89937,Phoenix, AZ, 85062"
Pincas,Carlie,Goodyear,1964-06-18,cgoodyearqr@surveymonkey.com,58.0," 940 Magdeline Place,  6th Floor,Newton, MA, 02458"
Kevyn,Merv,Westmoreland,1983-01-30,mwestmorelandrd@canalblog.com,40.0," 19 Esch Alley,  Apt 1541,Young America, MN, 55564"
